{
  "B1": {
    "cond_all": 54.85039882672681,
    "cond_follow": 2748.033015873415,
    "sloppy_all": [
      0.972611015925705,
      0.04542564436405033,
      0.031123371665636966,
      -0.22536335887874173,
      -0.014388006989602012
    ],
    "sloppy_follow": [
      -0.7851347904409415,
      -0.004414224884305734,
      -0.0452959898033015,
      0.5437778831664637,
      0.2929125510193593
    ],
    "regimes": [
      "free_accel",
      "approach",
      "brake",
      "follow"
    ],
    "H": [
      [
        0.5847461899990506,
        0.271111885353432,
        0.0,
        0.031658516844698545
      ],
      [
        0.2198190708651841,
        2.947316508189246,
        4.123260279396573,
        2.4474301871441915
      ],
      [
        0.0421196308098066,
        0.6672733605487793,
        1.0501174602308512,
        0.8486197332828476
      ],
      [
        1.7487121933374552,
        1.3476763827009524,
        1.4045396476082508,
        0.10930267011388196
      ],
      [
        0.06777664004453683,
        1.949819378318073,
        2.654852551750567,
        0.05208349723748821
      ]
    ]
  },
  "B2": {
    "rich_clean": {
      "nrmse": {
        "v0": 4.874975959350055e-08,
        "T": 2.5933362430377934e-08,
        "s0": 5.660474537915469e-08,
        "a": 3.5220861274920776e-08,
        "b": 4.6355979584375175e-08
      },
      "coord": {
        "a": 5.835850733879329e-08,
        "sqrt(ab)": 4.312049806887831e-08,
        "a/b": 9.78041499047425e-08
      }
    },
    "follow_only": {
      "nrmse": {
        "v0": 0.010060720329641917,
        "T": 0.023291803960106574,
        "s0": 0.18735405092633023,
        "a": 0.13632394624271602,
        "b": 0.15952841522273276
      },
      "coord": {
        "a": 0.22587925818053978,
        "sqrt(ab)": 0.2953577379876389,
        "a/b": 0.01954762812172436
      }
    },
    "rich_noisy": {
      "nrmse": {
        "v0": 0.027485491766990132,
        "T": 0.029158373599545474,
        "s0": 0.014590854598913154,
        "a": 0.10180570538337176,
        "b": 0.03689416306000465
      },
      "coord": {
        "a": 0.16868494379996937,
        "sqrt(ab)": 0.11111575199043841,
        "a/b": 0.10513744590623894
      }
    },
    "local_window": {
      "nrmse": {
        "v0": 0.1397255014849419,
        "T": 0.16123636014560433,
        "s0": 0.19953337119691442,
        "a": 0.12172295685566953,
        "b": 0.1763924142733419
      },
      "coord": {
        "a": 0.201686438486368,
        "sqrt(ab)": 0.2251187624648301,
        "a/b": 0.32338573817683813
      }
    }
  },
  "B2_SNN": {
    "v0": 0.224,
    "T": 0.251,
    "s0": 0.133,
    "a": 0.262,
    "b": 0.305
  },
  "verdict": [
    "Identificabilita PIENA su dati globali puliti (a/b NRMSE ~0): l'informazione e' nei dati. Il tetto NON e' identificabilita di fondo.",
    "Il problema emerge con l'identificazione LOCALE/per-finestra (a/b 0.15 vs 0.00 globale; rete 0.28): la rete predice per-istante e nei tratti senza transitori a/b sono ciechi."
  ]
}