{
  "5": {
    "v0": 0.14754669515789484,
    "T": 0.13719389295903833,
    "s0": 0.22317995948763666,
    "a": 0.1498957280917098,
    "b": 0.203159222217372
  },
  "10": {
    "v0": 0.13014707499365633,
    "T": 0.1876356848254273,
    "s0": 0.2135661985490186,
    "a": 0.10668305703751839,
    "b": 0.19908699908467026
  },
  "20": {
    "v0": 0.12641314194996306,
    "T": 0.17529526209977914,
    "s0": 0.17077504847828756,
    "a": 0.14779058069324483,
    "b": 0.1840481280955035
  },
  "40": {
    "v0": 0.1385769089008492,
    "T": 0.1489545075471395,
    "s0": 0.1473174206953389,
    "a": 0.11712670855284957,
    "b": 0.15897365011120818
  },
  "80": {
    "v0": 0.1300653369922121,
    "T": 0.11530886884555211,
    "s0": 0.13045181174909004,
    "a": 0.13855726595346285,
    "b": 0.13274696816222753
  },
  "160": {
    "v0": 0.10946417642864227,
    "T": 0.011080315579023677,
    "s0": 0.011188837483643362,
    "a": 0.05749067641675577,
    "b": 0.06646838824774
  },
  "320": {
    "v0": 0.10460199449441615,
    "T": 0.03623403391269882,
    "s0": 0.013835499923277515,
    "a": 0.008996902170036783,
    "b": 0.07970546967765352
  },
  "full": {
    "v0": 5.718911273630827e-08,
    "T": 2.0366929632907336e-08,
    "s0": 4.7578505831709046e-08,
    "a": 3.9473587460239856e-08,
    "b": 4.5229644552511016e-08
  }
}