{
  "tag": "R25_C3_sr_very_high",
  "run_dir": "results/Prodigy_Study/Ablation_R25/C_spike_rate/R25_C3_sr_very_high",
  "checkpoint": "checkpoints/R25_C3_sr_very_high/best_model.pt",
  "ckpt_epoch": 9,
  "ckpt_val_loss": 0.20751309814922353,
  "val_metrics": {
    "total": 0.2014807144061048,
    "data": 0.17784524455349496,
    "phys": 0.03558280960250487,
    "ou": 0.011529592794683227,
    "bc": 0.00033417735893050165,
    "sr": 0.0009583265724915269,
    "spike_rate": 0.14227441722091208,
    "val_T_tracking_corr": 0.31646355986595154,
    "val_T_intra_corr": 0.015028605237603188,
    "val_v0_pred_mean": 44.420458874803906,
    "val_v0_intra_std": 0.365660677027413,
    "val_T_pred_mean": 1.119898351266029,
    "val_T_intra_std": 0.08422443948369077,
    "val_s0_pred_mean": 4.013013322302636,
    "val_s0_intra_std": 0.21121386079949903,
    "val_a_pred_mean": 0.3805807077504219,
    "val_a_intra_std": 0.04252941420371768,
    "val_b_pred_mean": 1.3437735638085833,
    "val_b_intra_std": 0.1934706107812359
  },
  "rank_metrics": {
    "rank_effective": 3,
    "rank_threshold_pct": 1.0,
    "cond_number": 193.2365880301516,
    "singular_values": [
      3.2272197480693228,
      0.6175663754847135,
      0.24415589537413224,
      0.024387518552278494,
      0.01670087316779659
    ],
    "singular_values_normalized": [
      1.0,
      0.19136173663233538,
      0.07565518137405981,
      0.007556819942883739,
      0.005175003399687255
    ]
  },
  "config": {
    "cf_hidden_size": 32,
    "cf_rank": 8,
    "cf_max_delay": 6,
    "cf_bit_shift": 3,
    "lambda_T_aux": 0.0,
    "lambda_sr": 20.0,
    "scenario_mix": "highway:0.4,urban:0.3,truck:0.2,mixed:0.1",
    "optimizer": "prodigy",
    "epochs": 10
  },
  "audited_at": "2026-06-11 18:26:34"
}