{
  "tag": "R30_A4_b_aux",
  "run_dir": "results/Prodigy_Study/R30_Identifiability/A_isolated/R30_A4_b_aux",
  "checkpoint": "checkpoints/R30_A4_b_aux/best_model.pt",
  "ckpt_epoch": 6,
  "ckpt_val_loss": 0.21978154283096182,
  "val_metrics": {
    "total": 0.20376888250416897,
    "data": 0.1937041595340409,
    "phys": 0.0411191031663738,
    "ou": 0.019093442970807565,
    "bc": 0.0006061244006878857,
    "sr": 0.008784033239204833,
    "spike_rate": 0.05737955030053854,
    "val_T_tracking_corr": 0.2418241798877716,
    "val_T_intra_corr": 0.0069733550772070885,
    "val_v0_pred_mean": 38.96699990617468,
    "val_v0_intra_std": 1.2492080628871918,
    "val_T_pred_mean": 1.3958167535193422,
    "val_T_intra_std": 0.10085493365817881,
    "val_s0_pred_mean": 1.2150700796157756,
    "val_s0_intra_std": 0.06556275826779769,
    "val_a_pred_mean": 0.39720721241641554,
    "val_a_intra_std": 0.04654414018497188,
    "val_b_pred_mean": 1.5183808518216966,
    "val_b_intra_std": 0.06718263341153556
  },
  "rank_metrics": {
    "rank_effective": 1,
    "rank_threshold_pct": 1.0,
    "cond_number": 5380.921530935153,
    "singular_values": [
      26.573642987767375,
      0.050144705755914114,
      0.014811609085114955,
      0.006989271964335076,
      0.00493849293935887
    ],
    "singular_values_normalized": [
      1.0,
      0.0018870090856190544,
      0.0005573796973163661,
      0.00026301519771122246,
      0.00018584177343062083
    ]
  },
  "config": {
    "cf_hidden_size": 32,
    "cf_rank": 8,
    "cf_max_delay": 6,
    "cf_bit_shift": 3,
    "lambda_T_aux": 0.0,
    "lambda_sr": 0.5,
    "scenario_mix": "highway:0.4,urban:0.3,truck:0.2,mixed:0.1",
    "optimizer": "prodigy",
    "epochs": 10
  },
  "audited_at": "2026-06-14 10:53:57"
}