champion,min_gap_ideal,min_gap_wet,collision_ideal,collision_wet,brake_margin_ideal,brake_margin_wet
Raffaello,7.585670014948807,7.053835454208016,0.06666666666666667,0.2518518518518518,7.388001208862285,6.15297871234725
Leonardo,7.9344769455571456,7.29874721749706,0.07407407407407407,0.21481481481481482,7.728915875287422,6.458321630605793
Donatello,7.585294892309979,6.90162756885338,0.08148148148148149,0.26666666666666666,7.377579321036398,5.9376572057597565
Michelangelo,7.9530789215926925,7.372250696390454,0.07407407407407407,0.21481481481481482,7.753812130720147,6.591547603289906
