{
  "tag": "R25v2_A2_seq_len_short",
  "run_dir": "results/Prodigy_Study/R25_Ablation_v2/A_memory/R25v2_A2_seq_len_short",
  "checkpoint": "checkpoints/R25v2_A2_seq_len_short/best_model.pt",
  "ckpt_epoch": 9,
  "ckpt_val_loss": 0.19049553647637368,
  "val_metrics": {
    "total": 0.1870348543226719,
    "data": 0.1795708940823873,
    "phys": 0.03655177690088749,
    "ou": 0.00945600637793541,
    "bc": 0.00040630397522030154,
    "sr": 0.005859358354626845,
    "spike_rate": 0.07763065727551778,
    "val_T_tracking_corr": 0.15745988488197327,
    "val_T_intra_corr": 0.006253701169043779,
    "val_v0_pred_mean": 38.69599184163411,
    "val_v0_intra_std": 1.5240443435013293,
    "val_T_pred_mean": 1.2065772787729898,
    "val_T_intra_std": 0.06531131799022356,
    "val_s0_pred_mean": 1.3006033328374227,
    "val_s0_intra_std": 0.08637254271904628,
    "val_a_pred_mean": 0.3541407900651296,
    "val_a_intra_std": 0.04591928164873025,
    "val_b_pred_mean": 1.4401297092437744,
    "val_b_intra_std": 0.15607743912935257
  },
  "rank_metrics": {
    "rank_effective": 1,
    "rank_threshold_pct": 1.0,
    "cond_number": 13650.970931529246,
    "singular_values": [
      69.801280682742,
      0.03644777710173018,
      0.034787639961132405,
      0.021855500017696365,
      0.005113283225995599
    ],
    "singular_values_normalized": [
      1.0,
      0.0005221648764209809,
      0.0004983811130808301,
      0.00031311030118534805,
      7.32548626039727e-05
    ]
  },
  "config": {
    "cf_hidden_size": 32,
    "cf_rank": 8,
    "cf_max_delay": 6,
    "cf_bit_shift": 3,
    "lambda_T_aux": 0.0,
    "lambda_sr": 0.5,
    "scenario_mix": "highway:0.4,urban:0.3,truck:0.2,mixed:0.1",
    "optimizer": "prodigy",
    "epochs": 10
  },
  "audited_at": "2026-06-14 09:21:25"
}