arm,epochs,val_data_min,spike_rate,nrmse_v0,nrmse_T,nrmse_s0,nrmse_a,nrmse_b,gn_max,n_expl,r_v0,r_s0,r_a,r_b
EVP_ADAMW,12,0.2719,0.146,0.326,0.149,0.174,0.259,0.173,158783.4446361539,299,0.679,-0.424,0.499,-0.053
EVP_PRODIGYEVENT,4,0.3481,0.655,0.516,0.298,0.351,0.286,0.251,21593129451.53974,251,0.723,-0.552,0.539,0.568
EVP_PRODIGYEVENT_PROBE,4,0.3438,0.228,0.502,0.236,0.333,0.296,0.268,10532536875.937796,273,0.795,-0.612,0.56,0.62
