{
  "summary": {
    "epochs": {
      "EVP_ADAMW": 12,
      "EVP_PRODIGYEVENT": 4,
      "EVP_PRODIGYEVENT_PROBE": 4
    },
    "val_data_min": {
      "EVP_ADAMW": 0.2719,
      "EVP_PRODIGYEVENT": 0.3481,
      "EVP_PRODIGYEVENT_PROBE": 0.3438
    },
    "spike_rate": {
      "EVP_ADAMW": 0.146,
      "EVP_PRODIGYEVENT": 0.655,
      "EVP_PRODIGYEVENT_PROBE": 0.228
    },
    "nrmse_v0": {
      "EVP_ADAMW": 0.326,
      "EVP_PRODIGYEVENT": 0.516,
      "EVP_PRODIGYEVENT_PROBE": 0.502
    },
    "nrmse_T": {
      "EVP_ADAMW": 0.149,
      "EVP_PRODIGYEVENT": 0.298,
      "EVP_PRODIGYEVENT_PROBE": 0.236
    },
    "nrmse_s0": {
      "EVP_ADAMW": 0.174,
      "EVP_PRODIGYEVENT": 0.351,
      "EVP_PRODIGYEVENT_PROBE": 0.333
    },
    "nrmse_a": {
      "EVP_ADAMW": 0.259,
      "EVP_PRODIGYEVENT": 0.286,
      "EVP_PRODIGYEVENT_PROBE": 0.296
    },
    "nrmse_b": {
      "EVP_ADAMW": 0.173,
      "EVP_PRODIGYEVENT": 0.251,
      "EVP_PRODIGYEVENT_PROBE": 0.268
    },
    "gn_max": {
      "EVP_ADAMW": 158783.4446361539,
      "EVP_PRODIGYEVENT": 21593129451.53974,
      "EVP_PRODIGYEVENT_PROBE": 10532536875.937796
    },
    "n_expl": {
      "EVP_ADAMW": 299,
      "EVP_PRODIGYEVENT": 251,
      "EVP_PRODIGYEVENT_PROBE": 273
    },
    "r_v0": {
      "EVP_ADAMW": 0.679,
      "EVP_PRODIGYEVENT": 0.723,
      "EVP_PRODIGYEVENT_PROBE": 0.795
    },
    "r_s0": {
      "EVP_ADAMW": -0.424,
      "EVP_PRODIGYEVENT": -0.552,
      "EVP_PRODIGYEVENT_PROBE": -0.612
    },
    "r_a": {
      "EVP_ADAMW": 0.499,
      "EVP_PRODIGYEVENT": 0.539,
      "EVP_PRODIGYEVENT_PROBE": 0.56
    },
    "r_b": {
      "EVP_ADAMW": -0.053,
      "EVP_PRODIGYEVENT": 0.568,
      "EVP_PRODIGYEVENT_PROBE": 0.62
    }
  },
  "grad_struct": {
    "EVP_ADAMW": {
      "v0": 0.15937318147552085,
      "T": 29.738884891333626,
      "s0": 4.892750837618876,
      "a": 42.80011596162564,
      "b": 22.408875127946335
    },
    "EVP_PRODIGYEVENT": {
      "v0": 0.23585318379129064,
      "T": 23.700103544110277,
      "s0": 9.181581356429831,
      "a": 43.52294161645044,
      "b": 23.359520299218172
    },
    "EVP_PRODIGYEVENT_PROBE": {
      "v0": 0.2145365124603111,
      "T": 25.647808595672302,
      "s0": 4.058225594495591,
      "a": 46.37674491050968,
      "b": 23.702684386862106
    }
  },
  "verdict": [
    "Miglior val_data: EVP_ADAMW = 0.2719",
    "ProdigyEvent arm: EVP_PRODIGYEVENT=0.3481, EVP_PRODIGYEVENT_PROBE=0.3438",
    "Correlazione per-driver r_b: EVP_ADAMW=-0.05, EVP_PRODIGYEVENT=0.57, EVP_PRODIGYEVENT_PROBE=0.62"
  ]
}