epoch,train_total,train_data,train_phys,train_ou,train_bc,train_sr,val_total,val_data,val_phys,val_ou,val_bc,val_sr,lr,grad_norm,spike_rate,time_s,prodigy_d,prodigy_d_max,prodigy_lr_eff,val_T_tracking_corr,val_T_intra_corr,val_v0_pred_mean,val_T_pred_mean,val_s0_pred_mean,val_a_pred_mean,val_b_pred_mean,val_v0_intra_std,val_T_intra_std,val_s0_intra_std,val_a_intra_std,val_b_intra_std
1,46.898291206359865,0.8736631026864052,0.8550624984502793,0.03069593384861946,0.14768282894801815,0.008137685237452388,14.44090573331143,0.3747562286543085,0.1614552519502158,0.02020215642876289,0.017395887816572676,0.007833116910757219,0.48776415354553027,299.5950791549683,0.06187047086101263,155.88842582702637,0.008697756067087845,0.008697756067087845,0.004242453625808603,-0.030999181792140007,0.0040687741711735725,26.647028425906566,1.1507535874843597,2.055710790639228,0.9114019854905757,1.268932007728739,1.9424468386680522,0.10072917079037809,0.17081884053000745,0.07544488432083993,0.09405669455040008
2,11.571566338539123,0.3131210096180439,0.11024572271853686,0.014960913807153703,0.0020494849323586094,0.009566414039582014,9.411379631529464,0.2969203907203801,0.10166330793575246,0.01233494021692016,0.001385627091294398,0.010066618796120932,0.4522543440852397,131.6363775587082,0.04983670674660738,156.4278428554535,0.01388326999595844,0.01388326999595844,0.006278769165780472,0.008310236968100071,0.004299717023968697,20.966020097123817,0.9963362762268554,2.4080463115205157,0.820908673900239,1.5485422008849206,1.5629541664681537,0.07819480367718225,0.1879969543599068,0.07321242566042124,0.091022849677408
3,11.579289531707763,0.3741229984164238,0.18668064326047898,0.010084635554812848,0.0018936506280931554,0.010867370683699846,6.087764932754192,0.24498481549164083,0.06461309226467571,0.008349878022427414,0.0028169506468134872,0.012182092393173817,0.3969465191804922,888715889.2545987,0.03994282043756957,153.90175461769104,0.02357351541832744,0.02357351541832744,0.009357424890152741,-0.029578808695077896,0.0008656650898046792,23.7834409044144,1.0574540565622614,2.5185958096321595,0.7862520487384593,1.4376167490127238,1.2633234443182642,0.06422130424687837,0.10710584673475712,0.0681056822352904,0.059482248638697124
