champion,E_snn_nJ,E_ann_nJ,advantage_x,mean_spike_rate_pct,total_spikes,dead_frac,sat_frac,eff_rank_activity,spectral_radius,spectral_norm,eff_rank_W
Raffaello,8.337217607116699,184.0,22.069713023075767,1.376718807220459,220.27500915527344,0.3125,0.0,12.617190745360247,2.991133689880371,7.746457099914551,2.488798880837965
Leonardo,8.251807571411133,184.0,22.298144789206997,1.3310937881469727,212.97500610351562,0.3125,0.0,10.803654175390184,1.1550408601760864,7.499715805053711,1.9753431867833844
Donatello,11.50701773071289,301.76,26.223997134773263,1.9004688262939453,304.07501220703125,,,,0.051051877439022064,0.26914575695991516,8.918302186246672
Michelangelo,10.201972384643556,301.76,29.578594081887736,1.4689062118530274,235.02499389648438,,,,0.3880546987056732,0.5875588655471802,11.107195434602737
