champion,E_snn_nJ,E_ann_nJ,advantage_x,mean_spike_rate_pct,total_spikes
Raffaello,8.337217607116699,184.0,22.069713023075767,1.376718807220459,220.27500915527344
Leonardo,8.251807571411133,184.0,22.298144789206997,1.3310937881469727,212.97500610351562
Donatello,11.50701773071289,301.76,26.223997134773263,1.9004688262939453,304.07501220703125
Michelangelo,10.201972384643556,301.76,29.578594081887736,1.4689062118530274,235.02499389648438
